step,regret
1,[5.59259799e+14]
100,[6.8819154e+14]
