dataset,seed,m_theory_final,m_emp_final,spearman_corr,timeline_length
synthetic,1,4.851397013875778,4.8941720819639665,0.9992919291929192,100
synthetic,2,5.011228929317152,4.95392008548214,0.9990639063906389,100
synthetic,3,5.212262372319374,5.164164694090865,0.9993999399939993,100
covtype,1,5.1943202001509645,5.155143711053,0.9994599459945993,100
covtype,2,4.981928107482851,5.002535181700657,0.9992439243924391,100
covtype,3,5.06403653336034,5.10815294192348,0.9986798679867986,100
mnist,1,4.906115298306507,4.954675195110993,0.9989558955895589,100
mnist,2,4.848807675218124,4.859969194553977,0.9994719471947193,100
mnist,3,4.962971168404668,4.95955789087734,0.999135913591359,100
