dataset,seed,m_theory_final,m_emp_final,spearman_corr,timeline_length
synthetic,1,5.370872018335758,5.362933823114819,0.9992559255925593,100
synthetic,2,5.058346587735013,5.1228806256554735,0.9991119111911191,100
synthetic,3,4.879491663343179,4.807649680155844,0.9990759075907588,100
covtype,1,4.749951466349352,4.769317889458031,0.9986558655865586,100
covtype,2,5.030331117376816,4.994587389032355,0.9990399039903989,100
covtype,3,4.750655732776979,4.68004699754384,0.9992799279927992,100
mnist,1,4.701207328714532,4.82897653724737,0.9989438943894389,100
mnist,2,5.112387760948152,5.110492350805721,0.999147914791479,100
mnist,3,4.4932775929807445,4.588101462936367,0.999087908790879,100
