dataset,seed,gamma_bar,gamma_split,gamma_ins,gamma_del,N_star_recomputed,m_theory_recomputed
synthetic,1,1.0,0.3,0.7,0.3,2040,30
synthetic,2,1.0,0.5,0.5,0.5,4000,50
synthetic,3,1.0,0.7,0.30000000000000004,0.7,11111,70
covtype,1,0.8,0.3,0.5599999999999999,0.24,3188,24
covtype,2,0.8,0.5,0.4,0.4,6249,40
covtype,3,0.8,0.7,0.24000000000000005,0.5599999999999999,17361,55
mnist,1,0.6,0.3,0.42,0.18,5668,18
mnist,2,0.6,0.5,0.3,0.3,11111,30
mnist,3,0.6,0.7,0.18000000000000002,0.42,30864,42
