dataset,seed,gamma_bar,gamma_split,gamma_ins,gamma_del,N_star_recomputed,m_theory_recomputed,N_star_logged,m_logged,N_star_rel_err,m_rel_err,N_star_within_5pct,m_within_5pct
synthetic,1,1.0,0.3,0.7,0.3,2040,30,2061.04005776486,27.33905470033259,0.010313753806304017,0.08869817665558036,True,False
synthetic,2,1.0,0.5,0.5,0.5,4000,50,4087.232806034488,51.04495824428148,0.021808201508622005,0.02089916488562963,True,True
synthetic,3,1.0,0.7,0.30000000000000004,0.7,11111,70,11542.129839635007,70.64733693823248,0.038802073587886475,0.009247670546178354,True,True
covtype,1,0.8,0.3,0.5599999999999999,0.24,3188,24,3165.8096399891374,23.826468112882697,0.006960589714825159,0.007230495296554285,True,True
covtype,2,0.8,0.5,0.4,0.4,6249,40,6338.878462188108,40.240913642644216,0.014382855206930346,0.0060228410661054,True,True
covtype,3,0.8,0.7,0.24000000000000005,0.5599999999999999,17361,55,17696.492898470966,53.83316669991097,0.01932451462882126,0.021215150910709663,True,True
mnist,1,0.6,0.3,0.42,0.18,5668,18,5761.00707519792,18.086715821573215,0.01640915229321103,0.004817545642956371,True,True
mnist,2,0.6,0.5,0.3,0.3,11111,30,11090.510022028071,30.612477076894642,0.0018441164586381932,0.02041590256315473,True,True
mnist,3,0.6,0.7,0.18000000000000002,0.42,30864,42,30493.367116733047,42.385506990963,0.012008582272775832,0.009178737880071472,True,True
