accountant,Delta,sigma_code,sigma_theory,abs_err,rel_err
eps_delta,1.0,5831.196320832345,5716.859138070927,114.33718276141826,0.019999999999999952
zcdp,1.0,6.929646455628166,7.0710678118654755,0.14142135623730923,0.01999999999999996
