{
  "inserts_mean": 4420.0,
  "inserts_ci95": 0.0,
  "deletes_mean": 49.0,
  "deletes_ci95": 0.0,
  "eps_spent_mean": 0.9800000000000006,
  "eps_spent_ci95": 7.253457094217689e-17,
  "final_regret_mean": 1.6456192655567647e+230,
  "final_regret_ci95": Infinity
}