{
  "inserts_mean": 7763.0,
  "inserts_ci95": 0.0,
  "deletes_mean": 91.0,
  "deletes_ci95": 0.0,
  "eps_spent_mean": 0.9999999999999984,
  "eps_spent_ci95": 0.0,
  "final_regret_mean": 350860724994004.4,
  "final_regret_ci95": 0.0,
  "avg_regret_empirical_mean": 45196538064.40865,
  "avg_regret_empirical_ci95": 0.0,
  "N_star_theory_mean": 6843.0,
  "N_star_theory_ci95": 0.0,
  "m_theory_mean": 91.0,
  "m_theory_ci95": 0.0,
  "eps_step_theory_mean": 0.01098901098901099,
  "eps_step_theory_ci95": 0.0,
  "delta_step_theory_mean": 1.098901098901099e-07,
  "delta_step_theory_ci95": 0.0,
  "sigma_step_theory_mean": 70616.30892653919,
  "sigma_step_theory_ci95": 0.0,
  "G_hat_mean": 13.613286619878252,
  "G_hat_ci95": 0.0,
  "D_hat_mean": 6.076194337927854,
  "D_hat_ci95": 0.0,
  "c_hat_mean": 1.0,
  "c_hat_ci95": 0.0,
  "C_hat_mean": 1.0,
  "C_hat_ci95": 0.0,
  "gamma_learn_mean": 1.0,
  "gamma_learn_ci95": 0.0,
  "gamma_priv_mean": 2.0,
  "gamma_priv_ci95": 0.0,
  "quantile_mean": 0.95,
  "quantile_ci95": 0.0,
  "D_cap_mean": 10.0,
  "D_cap_ci95": 0.0
}