{
  "inserts_mean": 100.0,
  "inserts_ci95": 0.0,
  "deletes_mean": 0.0,
  "deletes_ci95": 0.0,
  "eps_spent_mean": 0.0,
  "eps_spent_ci95": 0.0,
  "final_regret_mean": 137.90123314141726,
  "final_regret_ci95": 0.0,
  "N_star_mean": 3052.0,
  "N_star_ci95": 0.0,
  "G_hat_mean": 37.123874221314914,
  "G_hat_ci95": 0.0,
  "D_hat_mean": 2.9762335971030023,
  "D_hat_ci95": 0.0,
  "c_hat_mean": 1.0,
  "c_hat_ci95": 0.0,
  "C_hat_mean": 1.0,
  "C_hat_ci95": 0.0,
  "m_capacity_mean": 1.0,
  "m_capacity_ci95": 0.0
}